budget,result q1,result q2,result q3,result q4,sens q1,sens q2,sens q3,sens q4
0.1,1.7715184232288679,9790.88908937785,1.9477014793806742,11674.363033703708,4.5636285693984036e-05,4,4.19586378328507e-05,1
1.0,1.7712137474681409,9797.484290849505,1.9511124615449318,11694.875194358461,4.5636285693984036e-05,4,4.19586378328507e-05,1
10.0,1.7709943791921923,9781.606491200324,1.9507079384388766,11687.14951177413,4.5636285693984036e-05,4,4.19586378328507e-05,1
