budget,result q1,result q2,result q3,result q4,sens q1,sens q2,sens q3,sens q4
0.1,1.7744042366654331,9769.428614592653,1.9481462742179632,11711.161396116047,4.5636285693984036e-05,4,4.19586378328507e-05,1
1.0,1.7710793233752875,9768.09788105469,1.9507409824313824,11688.635281385037,4.5636285693984036e-05,4,4.19586378328507e-05,1
10.0,1.7710853061218235,9784.057816222607,1.9507442009049762,11687.491449767042,4.5636285693984036e-05,4,4.19586378328507e-05,1
