budget,result q1,result q2,result q3,result q4,sens q1,sens q2,sens q3,sens q4
0.1,1.7701235549783665,9780.176959269982,1.9486723913055433,11767.67061625833,4.5636285693984036e-05,4.0,4.19586378328507e-05,1.0
1.0,11767.67061625833,1.7712384443366216,9810.065696724936,1.950663594400096,1.0,4.5636285693984036e-05,4.0,4.19586378328507e-05
10.0,1.950663594400096,11687.075497260383,1.7710756429192787,9783.197608314116,4.19586378328507e-05,1.0,4.5636285693984036e-05,4.0
